number,word
1,cell
2,reason
3,Fizz
4,everywhere
5,Buzz
6,Fizz
7,species
8,pupil
9,Fizz
10,Buzz
11,combine
12,Fizz
13,speed
14,pleasure
15,FizzBuzz
16,differ
17,slow
18,Fizz
19,cut
20,Buzz
21,Fizz
22,do
23,sale
24,Fizz
25,Buzz
26,forgotten
27,Fizz
28,bar
29,shinning
30,FizzBuzz
31,work
32,railroad
33,Fizz
34,whale
35,Buzz
36,Fizz
37,spell
38,list
39,Fizz
40,Buzz
41,chemical
42,Fizz
43,sink
44,finish
45,FizzBuzz
46,worry
47,bean
48,Fizz
49,especially
50,Buzz
51,Fizz
52,tried
53,beneath
54,Fizz
55,Buzz
56,empty
57,Fizz
58,west
59,given
60,FizzBuzz
61,grandmother
62,unhappy
63,Fizz
64,local
65,Buzz
66,Fizz
67,may
68,bee
69,Fizz
70,Buzz
71,built
72,Fizz
73,difference
74,perfect
75,FizzBuzz
76,contain
77,method
78,Fizz
79,source
80,Buzz
81,Fizz
82,closer
83,climb
84,Fizz
85,Buzz
86,useful
87,Fizz
88,stream
89,foot
90,FizzBuzz
91,gasoline
92,fair
93,Fizz
94,women
95,Buzz
96,Fizz
97,power
98,upon
99,Fizz
100,Buzz